[
    {
        "order_id": 5001,
        "customer_id": 3,
        "order_date": "2024-06-13T10:00:00",
        "status": "Delivered",
        "delivery_date": "2024-06-18T20:00:00"
    },
    {
        "order_id": 5002,
        "customer_id": 19,
        "order_date": "2024-09-07T10:00:00",
        "status": "Pending"
    },
    {
        "order_id": 5003,
        "customer_id": 6,
        "order_date": "2025-02-15T10:00:00",
        "status": "Delivered",
        "delivery_date": "2025-02-16T01:00:00"
    },
    {
        "order_id": 5004,
        "customer_id": 19,
        "order_date": "2025-05-24T10:00:00",
        "status": "Pending"
    },
    {
        "order_id": 5005,
        "customer_id": 9,
        "order_date": "2025-09-03T10:00:00",
        "status": "Pending"
    },
    {
        "order_id": 5006,
        "customer_id": 6,
        "order_date": "2024-09-25T10:00:00",
        "status": "Pending"
    },
    {
        "order_id": 5007,
        "customer_id": 20,
        "order_date": "2025-08-31T10:00:00",
        "status": "Delivered",
        "delivery_date": "2025-09-01T18:00:00"
    },
    {
        "order_id": 5008,
        "customer_id": 5,
        "order_date": "2024-06-05T10:00:00",
        "status": "Delivered",
        "delivery_date": "2024-06-12T22:00:00"
    },
    {
        "order_id": 5009,
        "customer_id": 5,
        "order_date": "2024-11-01T10:00:00",
        "status": "Pending"
    },
    {
        "order_id": 5010,
        "customer_id": 8,
        "order_date": "2024-04-17T10:00:00",
        "status": "Delivered",
        "delivery_date": "2024-04-23T14:00:00"
    },
    {
        "order_id": 5011,
        "customer_id": 15,
        "order_date": "2025-02-03T10:00:00",
        "status": "Pending"
    },
    {
        "order_id": 5012,
        "customer_id": 9,
        "order_date": "2025-07-02T10:00:00",
        "status": "Delivered",
        "delivery_date": "2025-07-08T09:00:00"
    },
    {
        "order_id": 5013,
        "customer_id": 15,
        "order_date": "2024-10-24T10:00:00",
        "status": "Pending"
    },
    {
        "order_id": 5014,
        "customer_id": 1,
        "order_date": "2025-02-19T10:00:00",
        "status": "Pending"
    },
    {
        "order_id": 5015,
        "customer_id": 16,
        "order_date": "2024-11-04T10:00:00",
        "status": "Delivered",
        "delivery_date": "2024-11-11T17:00:00"
    },
    {
        "order_id": 5016,
        "customer_id": 17,
        "order_date": "2025-02-18T10:00:00",
        "status": "Delivered",
        "delivery_date": "2025-02-18T17:00:00"
    },
    {
        "order_id": 5017,
        "customer_id": 24,
        "order_date": "2024-09-02T10:00:00",
        "status": "Delivered",
        "delivery_date": "2024-09-06T12:00:00"
    },
    {
        "order_id": 5018,
        "customer_id": 1,
        "order_date": "2024-03-15T10:00:00",
        "status": "Pending"
    },
    {
        "order_id": 5019,
        "customer_id": 4,
        "order_date": "2025-01-28T10:00:00",
        "status": "Delivered",
        "delivery_date": "2025-01-30T05:00:00"
    },
    {
        "order_id": 5020,
        "customer_id": 22,
        "order_date": "2025-10-13T10:00:00",
        "status": "Delivered",
        "delivery_date": "2025-10-16T15:00:00"
    },
    {
        "order_id": 5021,
        "customer_id": 4,
        "order_date": "2026-01-01T10:00:00",
        "status": "Delivered",
        "delivery_date": "2026-01-02T16:00:00"
    },
    {
        "order_id": 5022,
        "customer_id": 24,
        "order_date": "2025-08-26T10:00:00",
        "status": "Delivered",
        "delivery_date": "2025-08-30T14:00:00"
    },
    {
        "order_id": 5023,
        "customer_id": 6,
        "order_date": "2025-12-19T10:00:00",
        "status": "Pending"
    },
    {
        "order_id": 5024,
        "customer_id": 4,
        "order_date": "2024-03-25T10:00:00",
        "status": "Delivered",
        "delivery_date": "2024-03-25T14:00:00"
    },
    {
        "order_id": 5025,
        "customer_id": 8,
        "order_date": "2025-12-16T10:00:00",
        "status": "Delivered",
        "delivery_date": "2025-12-24T06:00:00"
    },
    {
        "order_id": 5026,
        "customer_id": 19,
        "order_date": "2024-11-12T10:00:00",
        "status": "Delivered",
        "delivery_date": "2024-11-17T23:00:00"
    },
    {
        "order_id": 5027,
        "customer_id": 7,
        "order_date": "2024-08-26T10:00:00",
        "status": "Pending"
    },
    {
        "order_id": 5028,
        "customer_id": 21,
        "order_date": "2024-06-21T10:00:00",
        "status": "Pending"
    },
    {
        "order_id": 5029,
        "customer_id": 8,
        "order_date": "2024-03-19T10:00:00",
        "status": "Delivered",
        "delivery_date": "2024-03-22T17:00:00"
    }
]