[
    {
        "order_item_id": 9001,
        "order_id": 5001,
        "product_id": 108,
        "quantity": 3,
        "price": 211
    },
    {
        "order_item_id": 9002,
        "order_id": 5001,
        "product_id": 114,
        "quantity": 1,
        "price": 279
    },
    {
        "order_item_id": 9003,
        "order_id": 5001,
        "product_id": 103,
        "quantity": 3,
        "price": 343
    },
    {
        "order_item_id": 9004,
        "order_id": 5001,
        "product_id": 116,
        "quantity": 2,
        "price": 202
    },
    {
        "order_item_id": 9005,
        "order_id": 5001,
        "product_id": 108,
        "quantity": 1,
        "price": 211
    },
    {
        "order_item_id": 9006,
        "order_id": 5002,
        "product_id": 119,
        "quantity": 2,
        "price": 1038
    },
    {
        "order_item_id": 9007,
        "order_id": 5002,
        "product_id": 108,
        "quantity": 1,
        "price": 211
    },
    {
        "order_item_id": 9008,
        "order_id": 5003,
        "product_id": 114,
        "quantity": 2,
        "price": 279
    },
    {
        "order_item_id": 9009,
        "order_id": 5003,
        "product_id": 114,
        "quantity": 3,
        "price": 279
    },
    {
        "order_item_id": 9010,
        "order_id": 5004,
        "product_id": 111,
        "quantity": 1,
        "price": 863
    },
    {
        "order_item_id": 9011,
        "order_id": 5004,
        "product_id": 106,
        "quantity": 2,
        "price": 586
    },
    {
        "order_item_id": 9012,
        "order_id": 5004,
        "product_id": 115,
        "quantity": 2,
        "price": 574
    },
    {
        "order_item_id": 9013,
        "order_id": 5004,
        "product_id": 116,
        "quantity": 3,
        "price": 202
    },
    {
        "order_item_id": 9014,
        "order_id": 5005,
        "product_id": 113,
        "quantity": 3,
        "price": 644
    },
    {
        "order_item_id": 9015,
        "order_id": 5005,
        "product_id": 116,
        "quantity": 3,
        "price": 202
    },
    {
        "order_item_id": 9016,
        "order_id": 5005,
        "product_id": 117,
        "quantity": 1,
        "price": 120
    },
    {
        "order_item_id": 9017,
        "order_id": 5005,
        "product_id": 119,
        "quantity": 2,
        "price": 1038
    },
    {
        "order_item_id": 9018,
        "order_id": 5006,
        "product_id": 112,
        "quantity": 2,
        "price": 782
    },
    {
        "order_item_id": 9019,
        "order_id": 5006,
        "product_id": 104,
        "quantity": 3,
        "price": 927
    },
    {
        "order_item_id": 9020,
        "order_id": 5006,
        "product_id": 120,
        "quantity": 3,
        "price": 636
    },
    {
        "order_item_id": 9021,
        "order_id": 5006,
        "product_id": 105,
        "quantity": 3,
        "price": 907
    },
    {
        "order_item_id": 9022,
        "order_id": 5006,
        "product_id": 116,
        "quantity": 1,
        "price": 202
    },
    {
        "order_item_id": 9023,
        "order_id": 5007,
        "product_id": 119,
        "quantity": 1,
        "price": 1038
    },
    {
        "order_item_id": 9024,
        "order_id": 5007,
        "product_id": 108,
        "quantity": 1,
        "price": 211
    },
    {
        "order_item_id": 9025,
        "order_id": 5007,
        "product_id": 104,
        "quantity": 1,
        "price": 927
    },
    {
        "order_item_id": 9026,
        "order_id": 5008,
        "product_id": 103,
        "quantity": 3,
        "price": 343
    },
    {
        "order_item_id": 9027,
        "order_id": 5008,
        "product_id": 102,
        "quantity": 2,
        "price": 758
    },
    {
        "order_item_id": 9028,
        "order_id": 5008,
        "product_id": 103,
        "quantity": 2,
        "price": 343
    },
    {
        "order_item_id": 9029,
        "order_id": 5008,
        "product_id": 112,
        "quantity": 3,
        "price": 782
    },
    {
        "order_item_id": 9030,
        "order_id": 5008,
        "product_id": 118,
        "quantity": 3,
        "price": 195
    },
    {
        "order_item_id": 9031,
        "order_id": 5009,
        "product_id": 101,
        "quantity": 1,
        "price": 146
    },
    {
        "order_item_id": 9032,
        "order_id": 5009,
        "product_id": 114,
        "quantity": 3,
        "price": 279
    },
    {
        "order_item_id": 9033,
        "order_id": 5009,
        "product_id": 110,
        "quantity": 1,
        "price": 743
    },
    {
        "order_item_id": 9034,
        "order_id": 5009,
        "product_id": 118,
        "quantity": 3,
        "price": 195
    },
    {
        "order_item_id": 9035,
        "order_id": 5010,
        "product_id": 107,
        "quantity": 2,
        "price": 984
    },
    {
        "order_item_id": 9036,
        "order_id": 5010,
        "product_id": 119,
        "quantity": 3,
        "price": 1038
    },
    {
        "order_item_id": 9037,
        "order_id": 5011,
        "product_id": 101,
        "quantity": 3,
        "price": 146
    },
    {
        "order_item_id": 9038,
        "order_id": 5011,
        "product_id": 119,
        "quantity": 3,
        "price": 1038
    },
    {
        "order_item_id": 9039,
        "order_id": 5011,
        "product_id": 108,
        "quantity": 2,
        "price": 211
    },
    {
        "order_item_id": 9040,
        "order_id": 5012,
        "product_id": 109,
        "quantity": 3,
        "price": 211
    },
    {
        "order_item_id": 9041,
        "order_id": 5012,
        "product_id": 115,
        "quantity": 2,
        "price": 574
    },
    {
        "order_item_id": 9042,
        "order_id": 5012,
        "product_id": 119,
        "quantity": 2,
        "price": 1038
    },
    {
        "order_item_id": 9043,
        "order_id": 5012,
        "product_id": 108,
        "quantity": 1,
        "price": 211
    },
    {
        "order_item_id": 9044,
        "order_id": 5012,
        "product_id": 109,
        "quantity": 1,
        "price": 211
    },
    {
        "order_item_id": 9045,
        "order_id": 5013,
        "product_id": 101,
        "quantity": 1,
        "price": 146
    },
    {
        "order_item_id": 9046,
        "order_id": 5013,
        "product_id": 121,
        "quantity": 2,
        "price": 635
    },
    {
        "order_item_id": 9047,
        "order_id": 5013,
        "product_id": 103,
        "quantity": 1,
        "price": 343
    },
    {
        "order_item_id": 9048,
        "order_id": 5014,
        "product_id": 105,
        "quantity": 2,
        "price": 907
    },
    {
        "order_item_id": 9049,
        "order_id": 5015,
        "product_id": 118,
        "quantity": 1,
        "price": 195
    },
    {
        "order_item_id": 9050,
        "order_id": 5016,
        "product_id": 118,
        "quantity": 1,
        "price": 195
    },
    {
        "order_item_id": 9051,
        "order_id": 5016,
        "product_id": 120,
        "quantity": 3,
        "price": 636
    },
    {
        "order_item_id": 9052,
        "order_id": 5016,
        "product_id": 115,
        "quantity": 2,
        "price": 574
    },
    {
        "order_item_id": 9053,
        "order_id": 5016,
        "product_id": 107,
        "quantity": 1,
        "price": 984
    },
    {
        "order_item_id": 9054,
        "order_id": 5017,
        "product_id": 119,
        "quantity": 1,
        "price": 1038
    },
    {
        "order_item_id": 9055,
        "order_id": 5017,
        "product_id": 115,
        "quantity": 3,
        "price": 574
    },
    {
        "order_item_id": 9056,
        "order_id": 5018,
        "product_id": 121,
        "quantity": 2,
        "price": 635
    },
    {
        "order_item_id": 9057,
        "order_id": 5018,
        "product_id": 104,
        "quantity": 2,
        "price": 927
    },
    {
        "order_item_id": 9058,
        "order_id": 5018,
        "product_id": 103,
        "quantity": 1,
        "price": 343
    },
    {
        "order_item_id": 9059,
        "order_id": 5018,
        "product_id": 121,
        "quantity": 2,
        "price": 635
    },
    {
        "order_item_id": 9060,
        "order_id": 5018,
        "product_id": 120,
        "quantity": 3,
        "price": 636
    },
    {
        "order_item_id": 9061,
        "order_id": 5019,
        "product_id": 103,
        "quantity": 3,
        "price": 343
    },
    {
        "order_item_id": 9062,
        "order_id": 5020,
        "product_id": 116,
        "quantity": 3,
        "price": 202
    },
    {
        "order_item_id": 9063,
        "order_id": 5020,
        "product_id": 115,
        "quantity": 2,
        "price": 574
    },
    {
        "order_item_id": 9064,
        "order_id": 5020,
        "product_id": 106,
        "quantity": 3,
        "price": 586
    },
    {
        "order_item_id": 9065,
        "order_id": 5020,
        "product_id": 111,
        "quantity": 1,
        "price": 863
    },
    {
        "order_item_id": 9066,
        "order_id": 5021,
        "product_id": 112,
        "quantity": 3,
        "price": 782
    },
    {
        "order_item_id": 9067,
        "order_id": 5021,
        "product_id": 119,
        "quantity": 1,
        "price": 1038
    },
    {
        "order_item_id": 9068,
        "order_id": 5021,
        "product_id": 115,
        "quantity": 2,
        "price": 574
    },
    {
        "order_item_id": 9069,
        "order_id": 5022,
        "product_id": 106,
        "quantity": 3,
        "price": 586
    },
    {
        "order_item_id": 9070,
        "order_id": 5022,
        "product_id": 110,
        "quantity": 3,
        "price": 743
    },
    {
        "order_item_id": 9071,
        "order_id": 5023,
        "product_id": 110,
        "quantity": 2,
        "price": 743
    },
    {
        "order_item_id": 9072,
        "order_id": 5023,
        "product_id": 110,
        "quantity": 3,
        "price": 743
    },
    {
        "order_item_id": 9073,
        "order_id": 5023,
        "product_id": 105,
        "quantity": 3,
        "price": 907
    },
    {
        "order_item_id": 9074,
        "order_id": 5023,
        "product_id": 106,
        "quantity": 1,
        "price": 586
    },
    {
        "order_item_id": 9075,
        "order_id": 5023,
        "product_id": 103,
        "quantity": 1,
        "price": 343
    },
    {
        "order_item_id": 9076,
        "order_id": 5024,
        "product_id": 105,
        "quantity": 3,
        "price": 907
    },
    {
        "order_item_id": 9077,
        "order_id": 5024,
        "product_id": 105,
        "quantity": 2,
        "price": 907
    },
    {
        "order_item_id": 9078,
        "order_id": 5025,
        "product_id": 116,
        "quantity": 3,
        "price": 202
    },
    {
        "order_item_id": 9079,
        "order_id": 5025,
        "product_id": 110,
        "quantity": 2,
        "price": 743
    },
    {
        "order_item_id": 9080,
        "order_id": 5025,
        "product_id": 116,
        "quantity": 1,
        "price": 202
    },
    {
        "order_item_id": 9081,
        "order_id": 5025,
        "product_id": 104,
        "quantity": 1,
        "price": 927
    },
    {
        "order_item_id": 9082,
        "order_id": 5026,
        "product_id": 106,
        "quantity": 2,
        "price": 586
    },
    {
        "order_item_id": 9083,
        "order_id": 5027,
        "product_id": 108,
        "quantity": 1,
        "price": 211
    },
    {
        "order_item_id": 9084,
        "order_id": 5027,
        "product_id": 115,
        "quantity": 2,
        "price": 574
    },
    {
        "order_item_id": 9085,
        "order_id": 5027,
        "product_id": 111,
        "quantity": 1,
        "price": 863
    },
    {
        "order_item_id": 9086,
        "order_id": 5027,
        "product_id": 108,
        "quantity": 1,
        "price": 211
    },
    {
        "order_item_id": 9087,
        "order_id": 5028,
        "product_id": 121,
        "quantity": 3,
        "price": 635
    },
    {
        "order_item_id": 9088,
        "order_id": 5028,
        "product_id": 113,
        "quantity": 3,
        "price": 644
    },
    {
        "order_item_id": 9089,
        "order_id": 5028,
        "product_id": 113,
        "quantity": 1,
        "price": 644
    },
    {
        "order_item_id": 9090,
        "order_id": 5028,
        "product_id": 103,
        "quantity": 1,
        "price": 343
    },
    {
        "order_item_id": 9091,
        "order_id": 5028,
        "product_id": 106,
        "quantity": 3,
        "price": 586
    },
    {
        "order_item_id": 9092,
        "order_id": 5029,
        "product_id": 116,
        "quantity": 1,
        "price": 202
    },
    {
        "order_item_id": 9093,
        "order_id": 5029,
        "product_id": 120,
        "quantity": 3,
        "price": 636
    },
    {
        "order_item_id": 9094,
        "order_id": 5029,
        "product_id": 106,
        "quantity": 2,
        "price": 586
    },
    {
        "order_item_id": 9095,
        "order_id": 5029,
        "product_id": 118,
        "quantity": 2,
        "price": 195
    },
    {
        "order_item_id": 9096,
        "order_id": 5029,
        "product_id": 112,
        "quantity": 3,
        "price": 782
    }
]